registry_id,source_record_id,name,operator,provider_family,city,state,country,latitude,longitude,status,website,source_system,source_url,record_scope,GEOID,County_Name
CUR-IL-INV-01,IL-INV-01,365 Data Centers Chicago 1,365 Data Centers,Other/Unknown,Chicago,IL,US,41.876,-87.632,extra_inventory,,SoReMo Curated,https://www.datacentermap.com/usa/illinois/chicago/,illinois,17031,Cook County
CUR-IL-INV-02,IL-INV-02,365 Data Centers Chicago 2,365 Data Centers,Other/Unknown,Chicago,IL,US,41.853,-87.62,extra_inventory,,SoReMo Curated,https://www.datacentermap.com/usa/illinois/chicago/,illinois,17031,Cook County
CUR-IL-INV-03,IL-INV-03,Aligned ORD-01,Aligned Data Centers,Other/Unknown,Northlake,IL,US,41.912,-87.905,extra_inventory,,SoReMo Curated,https://www.datacentermap.com/usa/illinois/chicago/,illinois,17031,Cook County
CUR-IL-INV-04,IL-INV-04,Aligned ORD-02,Aligned Data Centers,Other/Unknown,Northlake,IL,US,41.911,-87.905,extra_inventory,,SoReMo Curated,https://www.datacentermap.com/usa/illinois/chicago/,illinois,17031,Cook County
CUR-IL-INV-05,IL-INV-05,Centersquare Chicago Data Center - ORD1,Centersquare,Other/Unknown,nan,IL,US,41.853,-87.619,extra_inventory,,SoReMo Curated,https://data.msdlive.org/records/65g71-a4766,illinois,17031,Cook County
CUR-IL-INV-06,IL-INV-06,Centersquare Elk Grove Village Data Center Campus ORD2,Centersquare,Other/Unknown,nan,IL,US,41.992,-87.958,extra_inventory,,SoReMo Curated,https://data.msdlive.org/records/65g71-a4748,illinois,17043,DuPage County
CUR-IL-INV-07,IL-INV-07,Centersquare Lisle ORD4 Data Center,Centersquare,Other/Unknown,nan,IL,US,41.802,-88.095,extra_inventory,,SoReMo Curated,https://data.msdlive.org/records/65g71-a4765,illinois,17043,DuPage County
CUR-IL-INV-08,IL-INV-08,Centersquare ORD4-A,Centersquare,Other/Unknown,Lisle,IL,US,41.792,-88.085,extra_inventory,,SoReMo Curated,https://www.datacentermap.com/usa/illinois/chicago/,illinois,17043,DuPage County
CUR-IL-PR-04,IL-PR-04,CloudHQ campus (former United Airlines HQ site),CloudHQ,Other/Unknown,Mount Prospect area,IL,US,42.037,-87.951,proposed,,SoReMo Curated,https://www.dailyherald.com/20251027/technology/new-data-center-proposal-comes-before-mount-prospect-board/,illinois,17031,Cook County
CUR-IL-PR-03,IL-PR-03,Compass Datacenters campus (former Sears HQ),Compass Datacenters,Other/Unknown,Hoffman Estates,IL,US,42.064,-88.121,proposed,,SoReMo Curated,https://www.compassdatacenters.com/news/compass-kicks-off-development-of-its-first-hyperscale-campus-in-illinois/,illinois,17031,Cook County
CUR-IL-EX-06,IL-EX-06,CoreSite CH1,CoreSite,Other/Unknown,Chicago,IL,US,41.876,-87.632,existing,,SoReMo Curated,https://www.coresite.com/data-center/ch1-chicago-il,illinois,17031,Cook County
CUR-IL-EX-07,IL-EX-07,CoreSite CH2,CoreSite,Other/Unknown,Chicago,IL,US,41.864,-87.641,existing,,SoReMo Curated,https://www.coresite.com/data-center/ch2-chicago-il,illinois,17031,Cook County
CUR-IL-INV-09,IL-INV-09,CyrusOne CHI2 - Aurora,CyrusOne,Other/Unknown,Aurora,IL,US,41.988,-88.402,extra_inventory,,SoReMo Curated,https://www.datacentermap.com/usa/illinois/chicago/,illinois,17089,Kane County
CUR-IL-INV-10,IL-INV-10,CyrusOne CHI5 - Lombard,CyrusOne,Other/Unknown,Lombard,IL,US,41.892,-88.005,extra_inventory,,SoReMo Curated,https://www.datacentermap.com/usa/illinois/chicago/,illinois,17043,DuPage County
CUR-IL-PR-07,IL-PR-07,CyrusOne proposed campus (Talkington Township near Waverly),CyrusOne,Other/Unknown,Talkington Township,IL,US,39.531,-89.924,proposed,,SoReMo Curated,https://sangamonil.gov/departments/a-c/county-board/proposed-cyrusone-data-center,illinois,17167,Sangamon County
CUR-IL-INV-11,IL-INV-11,Cyxtera Chicago (CH1),Cyxtera,Other/Unknown,Chicago,IL,US,41.853,-87.62,extra_inventory,,SoReMo Curated,https://www.datacentermap.com/usa/illinois/chicago/,illinois,17031,Cook County
CUR-IL-INV-12,IL-INV-12,DataBank ORD1,DataBank,Other/Unknown,Chicago,IL,US,41.874,-87.63,extra_inventory,,SoReMo Curated,https://www.datacentermap.com/usa/illinois/chicago/,illinois,17031,Cook County
CUR-IL-INV-13,IL-INV-13,DataBank ORD2,DataBank,Other/Unknown,Chicago,IL,US,41.871,-87.639,extra_inventory,,SoReMo Curated,https://www.datacentermap.com/usa/illinois/chicago/,illinois,17031,Cook County
CUR-IL-INV-14,IL-INV-14,DataBank ORD3,DataBank,Other/Unknown,Mount Prospect,IL,US,42.052,-87.925,extra_inventory,,SoReMo Curated,https://www.datacentermap.com/usa/illinois/chicago/,illinois,17031,Cook County
CUR-IL-INV-15,IL-INV-15,Digital Realty CH1,Digital Realty,Digital Realty,nan,IL,US,41.994,-87.962,extra_inventory,,SoReMo Curated,https://data.msdlive.org/records/65g71-a4734,illinois,17031,Cook County
CUR-IL-INV-16,IL-INV-16,Digital Realty CH2,Digital Realty,Digital Realty,nan,IL,US,41.994,-87.958,extra_inventory,,SoReMo Curated,https://data.msdlive.org/records/65g71-a4756,illinois,17031,Cook County
CUR-IL-INV-17,IL-INV-17,Digital Realty CH3,Digital Realty,Digital Realty,nan,IL,US,41.994,-87.965,extra_inventory,,SoReMo Curated,https://data.msdlive.org/records/65g71-a4755,illinois,17031,Cook County
CUR-IL-INV-18,IL-INV-18,Digital Realty Chicago ORD12,Digital Realty,Digital Realty,nan,IL,US,41.928,-87.859,extra_inventory,,SoReMo Curated,https://data.msdlive.org/records/65g71-a4750,illinois,17031,Cook County
CUR-IL-INV-19,IL-INV-19,Digital Realty Franklin Park,Digital Realty,Digital Realty,Franklin Park,IL,US,41.931,-87.862,extra_inventory,,SoReMo Curated,https://www.datacentermap.com/usa/illinois/chicago/,illinois,17031,Cook County
CUR-IL-INV-20,IL-INV-20,Digital Realty Northlake,Digital Realty,Digital Realty,Northlake,IL,US,41.912,-87.905,extra_inventory,,SoReMo Curated,https://www.datacentermap.com/usa/illinois/chicago/,illinois,17031,Cook County
CUR-IL-EX-05,IL-EX-05,Digital Realty ORD10 (350 E Cermak),Digital Realty,Digital Realty,Chicago,IL,US,41.853,-87.62,existing,,SoReMo Curated,https://www.digitalrealty.com/data-centers/americas/chicago/ord10,illinois,17031,Cook County
CUR-IL-INV-21,IL-INV-21,Digital Realty ORD11,Digital Realty,Digital Realty,nan,IL,US,41.874,-87.63,extra_inventory,,SoReMo Curated,https://data.msdlive.org/records/65g71-a4737,illinois,17031,Cook County
CUR-IL-INV-22,IL-INV-22,EdgeConneX CHI01,EdgeConneX,Other/Unknown,Elk Grove Village,IL,US,42.001,-87.951,extra_inventory,,SoReMo Curated,https://data.msdlive.org/records/65g71-a4731,illinois,17031,Cook County
CUR-IL-INV-23,IL-INV-23,EdgeConneX CHI02,EdgeConneX,Other/Unknown,nan,IL,US,42.001,-87.953,extra_inventory,,SoReMo Curated,https://data.msdlive.org/records/65g71-a4747,illinois,17031,Cook County
CUR-IL-PR-01,IL-PR-01,Edged Project Vector,Edged (Endeavour Energy network),Other/Unknown,DeKalb area,IL,US,41.848,-88.752,proposed,,SoReMo Curated,https://www.cityofdekalb.com/m/newsflash/home/detail/964,illinois,17037,DeKalb County
CUR-IL-INV-24,IL-INV-24,Element Critical CH1,Element Critical,Other/Unknown,nan,IL,US,41.976,-87.965,extra_inventory,,SoReMo Curated,https://data.msdlive.org/records/65g71-a4732,illinois,17043,DuPage County
CUR-IL-INV-25,IL-INV-25,Element Critical CH2,Element Critical,Other/Unknown,nan,IL,US,41.974,-87.967,extra_inventory,,SoReMo Curated,https://data.msdlive.org/records/65g71-a4740,illinois,17043,DuPage County
CUR-IL-INV-26,IL-INV-26,Equinix CH1,Equinix,Equinix,Elk Grove Village (Chicago metro),IL,US,41.853,-87.62,extra_inventory,,SoReMo Curated,https://www.datacentermap.com/usa/illinois/chicago/,illinois,17031,Cook County
CUR-IL-INV-27,IL-INV-27,Equinix CH2,Equinix,Equinix,Elk Grove Village (Chicago metro),IL,US,41.853,-87.62,extra_inventory,,SoReMo Curated,https://www.datacentermap.com/usa/illinois/chicago/,illinois,17031,Cook County
CUR-IL-EX-04,IL-EX-04,Equinix CH3,Equinix,Equinix,Elk Grove Village (Chicago metro),IL,US,42.0,-87.97,existing,,SoReMo Curated,https://www.datacenterdynamics.com/en/news/cboe-edga-equities-exchange-migrates-secondary-data-center-to-equinix-facility-in-illinois/,illinois,17031,Cook County
CUR-IL-INV-28,IL-INV-28,Equinix CH4,Equinix,Equinix,Elk Grove Village (Chicago metro),IL,US,41.853,-87.62,extra_inventory,,SoReMo Curated,https://www.datacentermap.com/usa/illinois/chicago/,illinois,17031,Cook County
CUR-IL-PR-02,IL-PR-02,Equinix Minooka project,Equinix,Equinix,Minooka area,IL,US,41.457,-88.266,proposed,,SoReMo Curated,https://www.minooka.com/news/posts/minooka-data-center-faq-and-fact-sheet,illinois,17063,Grundy County
CUR-IL-INV-29,IL-INV-29,Iron Mountain CHI-1,Iron Mountain,Other/Unknown,Des Plaines,IL,US,42.012,-87.902,extra_inventory,,SoReMo Curated,https://www.datacentermap.com/usa/illinois/chicago/,illinois,17031,Cook County
CUR-IL-DN-01,IL-DN-01,Karis Critical (Naperville Lucent site),Karis Critical,Other/Unknown,Naperville,IL,US,41.812,-88.17,denied,,SoReMo Curated,https://patch.com/illinois/naperville/data-center-proposal-voted-down-naperville,illinois,17043,DuPage County
CUR-IL-INV-30,IL-INV-30,Lakeside Technology Center,nan,Other/Unknown,nan,IL,US,41.854,-87.618,extra_inventory,,SoReMo Curated,https://data.msdlive.org/records/65g71-a4739,illinois,17031,Cook County
CUR-IL-INV-31,IL-INV-31,Lincoln Rackhouse,nan,Other/Unknown,nan,IL,US,41.772,-88.217,extra_inventory,,SoReMo Curated,https://data.msdlive.org/records/65g71-a4733,illinois,17043,DuPage County
CUR-IL-INV-32,IL-INV-32,Lumen ORD2,Lumen,Other/Unknown,Northlake,IL,US,41.912,-87.905,extra_inventory,,SoReMo Curated,https://www.datacentermap.com/usa/illinois/chicago/,illinois,17031,Cook County
CUR-IL-EX-01,IL-EX-01,Meta DeKalb Data Center,Meta,Meta,DeKalb,IL,US,41.884,-88.75,existing,,SoReMo Curated,https://www.cityofdekalb.com/CivicAlerts.aspx?AID=670&ARC=1459,illinois,17037,DeKalb County
CUR-IL-INV-33,IL-INV-33,Microsoft - Azure Datacenter,Microsoft,Microsoft Azure,nan,IL,US,41.923,-87.918,extra_inventory,,SoReMo Curated,https://data.msdlive.org/records/65g71-a4752,illinois,17031,Cook County
CUR-IL-INV-34,IL-INV-34,Microsoft Data Center - Hoffman Estates,nan,Microsoft Azure,nan,IL,US,42.077,-88.134,extra_inventory,,SoReMo Curated,https://data.msdlive.org/records/65g71-a4761,illinois,17031,Cook County
CUR-IL-INV-35,IL-INV-35,NCSA Petascale Computing Facility,nan,Other/Unknown,nan,IL,US,40.095,-88.242,extra_inventory,,SoReMo Curated,https://data.msdlive.org/records/65g71-a4735,illinois,17019,Champaign County
CUR-IL-INV-36,IL-INV-36,Netrality - 717 S Wells,Netrality,Other/Unknown,Chicago,IL,US,41.873,-87.633,extra_inventory,,SoReMo Curated,https://www.datacentermap.com/usa/illinois/chicago/,illinois,17031,Cook County
CUR-IL-INV-37,IL-INV-37,NTT Chicago CH1,NTT Global Data Centers,Other/Unknown,Itasca,IL,US,41.972,-88.018,extra_inventory,,SoReMo Curated,https://www.datacentermap.com/usa/illinois/chicago/,illinois,17043,DuPage County
CUR-IL-INV-38,IL-INV-38,NTT Chicago CH2,NTT Global Data Centers,Other/Unknown,Itasca,IL,US,41.973,-88.018,extra_inventory,,SoReMo Curated,https://www.datacentermap.com/usa/illinois/chicago/,illinois,17043,DuPage County
CUR-IL-INV-39,IL-INV-39,Prime Chicago ORD01-01,Prime Data Centers,Other/Unknown,Elk Grove Village,IL,US,42.021,-87.975,extra_inventory,,SoReMo Curated,https://www.datacentermap.com/usa/illinois/chicago/,illinois,17031,Cook County
CUR-IL-PR-05,IL-PR-05,Prime Data Centers Prime ORD campus,Prime Data Centers,Other/Unknown,Elk Grove Village,IL,US,42.019,-87.955,proposed,,SoReMo Curated,https://www.prnewswire.com/news-releases/prime-data-centers-breaks-ground-on-1b-chicago-data-center-campus-in-elk-grove-village-301681170.html,illinois,17031,Cook County
CUR-IL-INV-40,IL-INV-40,QTS Chicago 1,QTS Data Centers,QTS,Chicago,IL,US,41.842,-87.665,extra_inventory,,SoReMo Curated,https://www.datacentermap.com/usa/illinois/chicago/,illinois,17031,Cook County
CUR-IL-INV-41,IL-INV-41,QTS Chicago 2,QTS Data Centers,QTS,Chicago,IL,US,41.842,-87.665,extra_inventory,,SoReMo Curated,https://www.datacentermap.com/usa/illinois/chicago/,illinois,17031,Cook County
CUR-IL-INV-42,IL-INV-42,SBA Edge Chicago,SBA Edge,Other/Unknown,West Chicago,IL,US,41.895,-88.245,extra_inventory,,SoReMo Curated,https://www.datacentermap.com/usa/illinois/chicago/,illinois,17043,DuPage County
CUR-IL-INV-43,IL-INV-43,Serverfarm CH1,Serverfarm,Other/Unknown,nan,IL,US,41.871,-87.64,extra_inventory,,SoReMo Curated,https://data.msdlive.org/records/65g71-a4738,illinois,17031,Cook County
CUR-IL-INV-44,IL-INV-44,Skybox Chicago I,Skybox,Other/Unknown,nan,IL,US,41.994,-87.974,extra_inventory,,SoReMo Curated,https://data.msdlive.org/records/65g71-a4749,illinois,17031,Cook County
CUR-IL-INV-45,IL-INV-45,STACK Chicago CHI01,Stack Infrastructure,Other/Unknown,nan,IL,US,42.007,-87.965,extra_inventory,,SoReMo Curated,https://data.msdlive.org/records/65g71-a4759,illinois,17031,Cook County
CUR-IL-INV-46,IL-INV-46,Stack Infrastructure CHI01,STACK Infrastructure,Other/Unknown,Elk Grove Village,IL,US,42.011,-87.942,extra_inventory,,SoReMo Curated,https://www.datacentermap.com/usa/illinois/chicago/,illinois,17031,Cook County
CUR-IL-INV-47,IL-INV-47,Stack Infrastructure CHI02,STACK Infrastructure,Other/Unknown,Elk Grove Village,IL,US,41.995,-87.962,extra_inventory,,SoReMo Curated,https://www.datacentermap.com/usa/illinois/chicago/,illinois,17031,Cook County
CUR-IL-EX-03,IL-EX-03,Stream Data Centers Chicago I,Stream Data Centers,Other/Unknown,Elk Grove Village,IL,US,42.0,-87.97,existing,,SoReMo Curated,https://www.streamdatacenters.com/news/stream-expands-chicago-presence-with-second-data-center/,illinois,17031,Cook County
CUR-IL-EX-02,IL-EX-02,Stream Data Centers Chicago II,Stream Data Centers,Other/Unknown,Elk Grove Village,IL,US,42.0,-87.97,existing,,SoReMo Curated,https://www.streamdatacenters.com/locations/chicago-data-centers/,illinois,17031,Cook County
CUR-IL-PR-06,IL-PR-06,Stream major campus (subdivision annexation area),Stream Data Centers,Other/Unknown,Elk Grove Village,IL,US,42.0,-87.97,proposed,,SoReMo Curated,https://www.journal-topics.com/articles/annexation-of-subdivision-approved-by-elk-grove-village-for-2-1-million-sq-ft-data-center/,illinois,17031,Cook County
CUR-IL-INV-48,IL-INV-48,T5@Chicago I,T5 Data Centers,Other/Unknown,Elk Grove Village,IL,US,42.023,-87.971,extra_inventory,,SoReMo Curated,https://www.datacentermap.com/usa/illinois/chicago/,illinois,17031,Cook County
CUR-IL-INV-49,IL-INV-49,T5@Chicago III,T5 Data Centers,Other/Unknown,Elk Grove Village,IL,US,42.021,-87.975,extra_inventory,,SoReMo Curated,https://www.datacentermap.com/usa/illinois/chicago/,illinois,17031,Cook County
CUR-IL-INV-50,IL-INV-50,Telegraph Building,CoreSite Data Center,Other/Unknown,nan,IL,US,41.876,-87.631,extra_inventory,,SoReMo Curated,https://data.msdlive.org/records/65g71-a4736,illinois,17031,Cook County
CUR-IL-INV-51,IL-INV-51,VISA,VISA,Other/Unknown,nan,IL,US,42.217,-87.953,extra_inventory,,SoReMo Curated,https://data.msdlive.org/records/65g71-a4744,illinois,17097,Lake County
CUR-IL-INV-52,IL-INV-52,West Monroe,nan,Other/Unknown,nan,IL,US,41.881,-87.636,extra_inventory,,SoReMo Curated,https://data.msdlive.org/records/65g71-a4753,illinois,17031,Cook County
PDB-283,283,365 Data Centers Chicago (CH6),365 Data Centers,Other/Unknown,Chicago,IL,US,41.876212,-87.631453,ok,https://www.365datacenters.com/chicago-data-center/,PeeringDB,https://www.peeringdb.com/fac/283,global,17031,Cook County
PDB-8283,8283,Agile Aurora,Agile Data Sites,Other/Unknown,Aurora,IL,US,41.772203,-88.217055,ok,https://agiledatasites.com/colocation/data-center-locations/aurora-chicago,PeeringDB,https://www.peeringdb.com/fac/8283,global,17043,DuPage County
PDB-12878,12878,Aligned Chicago (ORD-01),Aligned Data Centers,Other/Unknown,Northlake,IL,US,41.913464,-87.91876,ok,https://www.aligneddc.com/chicago/,PeeringDB,https://www.peeringdb.com/fac/12878,global,17031,Cook County
PDB-12879,12879,Aligned Chicago (ORD-02),Aligned Data Centers,Other/Unknown,Northlake,IL,US,41.913464,-87.91876,ok,https://www.aligneddc.com/chicago/,PeeringDB,https://www.peeringdb.com/fac/12879,global,17031,Cook County
PDB-15599,15599,Apotech,Apotech,Other/Unknown,Mount Prospect,IL,US,42.078443,-87.915648,ok,https://apotechgroup.com,PeeringDB,https://www.peeringdb.com/fac/15599,global,17031,Cook County
PDB-2770,2770,Ascent - CH2,"Ascent, LLC",Other/Unknown,Northlake,IL,US,41.920029,-87.912164,ok,http://www.ascent-corp.com/DataCenters/,PeeringDB,https://www.peeringdb.com/fac/2770,global,17031,Cook County
PDB-3436,3436,CDC1 - 350 E Cermak Rd,Colocation America Corporation,Other/Unknown,Chicago,IL,US,41.853701,-87.618252,ok,https://www.colocationamerica.com/data-center-locations/chicago.htm,PeeringDB,https://www.peeringdb.com/fac/3436,global,17031,Cook County
PDB-3437,3437,CDC2 - 600 S Federal st,Colocation America Corporation,Other/Unknown,Chicago,IL,US,41.874224,-87.629937,ok,https://www.colocationamerica.com/data-center-locations/chicago.htm,PeeringDB,https://www.peeringdb.com/fac/3437,global,17031,Cook County
PDB-3438,3438,CDC3 - 800 E Business Center Dr,Colocation America Corporation,Other/Unknown,Mount Prospect,IL,US,42.078055,-87.923547,ok,https://www.colocationamerica.com/data-center-locations/chicago.htm,PeeringDB,https://www.peeringdb.com/fac/3438,global,17031,Cook County
PDB-3439,3439,CDC4 - 1808 Swift Dr,Colocation America Corporation,Other/Unknown,Oak Brook,IL,US,41.854051,-87.920916,ok,https://www.colocationamerica.com/data-center-locations/chicago.htm,PeeringDB,https://www.peeringdb.com/fac/3439,global,17043,DuPage County
PDB-3440,3440,CDC5 - 2200 Busse Rd,Colocation America Corporation,Other/Unknown,Elk Grove Village,IL,US,41.994269,-87.962053,ok,https://www.colocationamerica.com/data-center-locations/chicago.htm,PeeringDB,https://www.peeringdb.com/fac/3440,global,17031,Cook County
PDB-2591,2591,Centersquare Chicago (ORD1),Centersquare,Other/Unknown,Chicago,IL,US,41.85365,-87.618342,ok,https://centersquaredc.com/data-centers/chicago,PeeringDB,https://www.peeringdb.com/fac/2591,global,17031,Cook County
PDB-2593,2593,Centersquare Chicago (ORD2),Centersquare,Other/Unknown,Elk Grove Village,IL,US,41.99209,-87.958015,ok,https://centersquaredc.com/data-centers/chicago,PeeringDB,https://www.peeringdb.com/fac/2593,global,17043,DuPage County
PDB-6676,6676,Centersquare Chicago (ORD4),Centersquare,Other/Unknown,Lisle,IL,US,41.802407,-88.094656,ok,https://centersquaredc.com/data-centers/chicago,PeeringDB,https://www.peeringdb.com/fac/6676,global,17043,DuPage County
PDB-1938,1938,CME Cermak,CME Group,Other/Unknown,Chicago,IL,US,41.85365,-87.618342,ok,http://www.cmegroup.com/,PeeringDB,https://www.peeringdb.com/fac/1938,global,17031,Cook County
PDB-10476,10476,Cogent Chicago 1,"Cogent Communications, Inc.",Other/Unknown,Chicago,IL,US,41.878465,-87.634525,ok,https://www.cogentco.com/en/cogent-charlotte,PeeringDB,https://www.peeringdb.com/fac/10476,global,17031,Cook County
PDB-10477,10477,Cogent Chicago 2,"Cogent Communications, Inc.",Other/Unknown,Chicago,IL,US,41.886487,-87.632145,ok,https://www.cogentco.com/en/cogent-chicago,PeeringDB,https://www.peeringdb.com/fac/10477,global,17031,Cook County
PDB-16455,16455,Cogent Chicago 3,"Cogent Communications, Inc.",Other/Unknown,Chicago,IL,US,41.819974,-87.728896,ok,https://www.cogentco.com/en/cogent-chicago,PeeringDB,https://www.peeringdb.com/fac/16455,global,17031,Cook County
PDB-6428,6428,ColoCrossing CHI1,ColoCrossing,Other/Unknown,Elk Grove Village,IL,US,41.994256,-87.961965,ok,https://www.colocrossing.com/datacenter/chicago-il/,PeeringDB,https://www.peeringdb.com/fac/6428,global,17031,Cook County
PDB-440,440,CoreSite - Chicago (CH1),CoreSite,Other/Unknown,Chicago,IL,US,41.876212,-87.631453,ok,http://www.coresite.com,PeeringDB,https://www.peeringdb.com/fac/440,global,17031,Cook County
PDB-8868,8868,CoreSite - Chicago (CH2),CoreSite,Other/Unknown,Chicago,IL,US,41.86255,-87.640966,ok,http://www.coresite.com,PeeringDB,https://www.peeringdb.com/fac/8868,global,17031,Cook County
PDB-3488,3488,Crown Castle Chicago (725 S Wells),Crown Castle Inc.,Other/Unknown,Chicago,IL,US,41.872619,-87.633278,ok,http://fiber.crowncastle.com/solutions/infrastructure/colocation,PeeringDB,https://www.peeringdb.com/fac/3488,global,17031,Cook County
PDB-3143,3143,CyrusOne Aurora I,CyrusOne Inc.,Other/Unknown,Aurora,IL,US,41.796754,-88.24276,ok,http://www.cyrusone.com/data-center-location/illinois/chicago-aurora-i/,PeeringDB,https://www.peeringdb.com/fac/3143,global,17043,DuPage County
PDB-1486,1486,CyrusOne Chicago (Lombard),CyrusOne Inc.,Other/Unknown,Lombard,IL,US,41.849175,-88.029567,ok,http://www.cyrusone.com,PeeringDB,https://www.peeringdb.com/fac/1486,global,17043,DuPage County
PDB-2956,2956,DataBank Chicago (ORD1),"DataBank, Ltd.",Other/Unknown,Chicago,IL,US,41.874224,-87.629937,ok,https://www.databank.com/data-centers/chicago/600-south-federal-street/,PeeringDB,https://www.peeringdb.com/fac/2956,global,17031,Cook County
PDB-10918,10918,DataBank Chicago (ORD2),"DataBank, Ltd.",Other/Unknown,Chicago,IL,US,41.870906,-87.640153,ok,https://www.databank.com/data-centers/chicago/840-canal-street/,PeeringDB,https://www.peeringdb.com/fac/10918,global,17031,Cook County
PDB-2960,2960,DataBank Chicago (ORD3),"DataBank, Ltd.",Other/Unknown,Mount Prospect,IL,US,42.078055,-87.923547,ok,https://www.databank.com/data-centers/chicago/mount-prospect/,PeeringDB,https://www.peeringdb.com/fac/2960,global,17031,Cook County
PDB-10919,10919,DataBank Chicago (ORD4),"DataBank, Ltd.",Other/Unknown,Oak Brook,IL,US,41.854051,-87.920916,ok,https://www.databank.com/data-centers/chicago/oak-brook/,PeeringDB,https://www.peeringdb.com/fac/10919,global,17043,DuPage County
PDB-11195,11195,DataBridge Sites Aurora,DataBridge Sites,Other/Unknown,Aurora,IL,US,41.772203,-88.217055,ok,https://databridgesites.com/colocation/#data-centers,PeeringDB,https://www.peeringdb.com/fac/11195,global,17043,DuPage County
PDB-8930,8930,Digital Realty CHI (1400 East Devon Ave),Digital Realty,Digital Realty,Elk Grove,IL,US,41.993346,-87.964112,ok,https://www.digitalrealty.com,PeeringDB,https://www.peeringdb.com/fac/8930,global,17031,Cook County
PDB-1384,1384,Digital Realty CHI (2200 Busse Rd.),Digital Realty,Digital Realty,Elk Grove Village,IL,US,41.994269,-87.962053,ok,https://www.digitalrealty.com,PeeringDB,https://www.peeringdb.com/fac/1384,global,17031,Cook County
PDB-8929,8929,Digital Realty CHI (2299 Busse Road),Digital Realty,Digital Realty,Elk Grove,IL,US,41.99418,-87.957678,ok,https://www.digitalrealty.com,PeeringDB,https://www.peeringdb.com/fac/8929,global,17031,Cook County
PDB-466,466,Digital Realty CHI (350 E Cermak),Digital Realty,Digital Realty,Chicago,IL,US,41.85365,-87.618342,ok,https://www.digitalrealty.com,PeeringDB,https://www.peeringdb.com/fac/466,global,17031,Cook County
PDB-6587,6587,Digital Realty CHI (505 N Railroad),Digital Realty,Digital Realty,Northlake,IL,US,41.920267,-87.912334,ok,https://www.digitalrealty.com,PeeringDB,https://www.peeringdb.com/fac/6587,global,17031,Cook County
PDB-2924,2924,Digital Realty CHI (600-780 S Federal),Digital Realty,Digital Realty,Chicago,IL,US,41.874224,-87.629937,ok,https://www.digitalrealty.com,PeeringDB,https://www.peeringdb.com/fac/2924,global,17031,Cook County
PDB-12488,12488,Digital Realty CHI (9333 Grand Ave),Digital Realty,Digital Realty,Franklin Park,IL,US,41.926884,-87.859119,ok,https://www.digitalrealty.com,PeeringDB,https://www.peeringdb.com/fac/12488,global,17031,Cook County
PDB-12489,12489,Digital Realty CHI (9355 Grand Ave),Digital Realty,Digital Realty,Franklin Park,IL,US,41.927658,-87.859333,ok,https://www.digitalrealty.com,PeeringDB,https://www.peeringdb.com/fac/12489,global,17031,Cook County
PDB-12490,12490,Digital Realty CHI (9377 Grand Ave),Digital Realty,Digital Realty,Franklin Park,IL,US,41.928621,-87.85877,ok,https://www.digitalrealty.com,PeeringDB,https://www.peeringdb.com/fac/12490,global,17031,Cook County
PDB-12344,12344,EdgeConneX Chicago (EDCCHI02),EdgeConneX Inc.,Other/Unknown,Elk Grove Village,IL,US,42.001364,-87.952626,ok,http://www.edgeconnex.com,PeeringDB,https://www.peeringdb.com/fac/12344,global,17031,Cook County
PDB-6904,6904,Element Critical Chicago CH1,"Element Critical, LLC",Other/Unknown,Wood Dale,IL,US,41.975882,-87.964568,ok,https://elementcritical.com,PeeringDB,https://www.peeringdb.com/fac/6904,global,17043,DuPage County
PDB-6272,6272,Element Critical Chicago CH2,"Element Critical, LLC",Other/Unknown,Wood Dale,IL,US,41.974047,-87.966966,ok,https://elementcritical.com/,PeeringDB,https://www.peeringdb.com/fac/6272,global,17043,DuPage County
PDB-7,7,Equinix CH1/CH2/CH4 - Chicago,"Equinix, Inc.",Equinix,Chicago,IL,US,41.85365,-87.618342,ok,http://www.equinix.com/,PeeringDB,https://www.peeringdb.com/fac/7,global,17031,Cook County
PDB-968,968,Equinix CH3 - Elk Grove,"Equinix, Inc.",Equinix,Elk Grove Village,IL,US,42.001171,-87.954882,ok,http://www.equinix.com,PeeringDB,https://www.peeringdb.com/fac/968,global,17031,Cook County
PDB-11497,11497,Equinix CH7 - Westmont,"Equinix, Inc.",Equinix,Westmont,IL,US,41.812598,-87.972834,ok,https://www.equinix.co.uk/data-centers/americas-colocation/united-states-colocation/chicago-data-centers/ch7,PeeringDB,https://www.peeringdb.com/fac/11497,global,17043,DuPage County
PDB-2571,2571,Forsythe Data Centers,Forsythe Data Centers,Other/Unknown,Elk Grove Village,IL,US,42.00687,-87.96457,ok,http://datacenters.forsythe.com/,PeeringDB,https://www.peeringdb.com/fac/2571,global,17031,Cook County
PDB-14342,14342,GigeNET CHI3,GigeNET,Other/Unknown,Arlington Heights,IL,US,42.040442,-87.976151,ok,https://www.gigenet.com,PeeringDB,https://www.peeringdb.com/fac/14342,global,17031,Cook County
PDB-250,250,Level(3) Chicago (Canal),Lumen Technologies Inc,Other/Unknown,Chicago,IL,US,41.880436,-87.639611,ok,http://www.level3.com,PeeringDB,https://www.peeringdb.com/fac/250,global,17031,Cook County
PDB-1730,1730,Level(3) Chicago (Kingsbury),Lumen Technologies Inc,Other/Unknown,Chicago,IL,US,41.898951,-87.644642,ok,http://www.level3.com,PeeringDB,https://www.peeringdb.com/fac/1730,global,17031,Cook County
PDB-6886,6886,Lincoln Rackhouse Aurora,Lincoln Rackhouse,Other/Unknown,Aurora,IL,US,41.772203,-88.217055,ok,http://rackhouse.com/portfolio/enterprise-data-center-4,PeeringDB,https://www.peeringdb.com/fac/6886,global,17043,DuPage County
PDB-3398,3398,Netrality Chicago - 717 S Wells,Netrality Data Centers,Other/Unknown,Chicago,IL,US,41.872911,-87.63327,ok,https://netrality.com/locations/data-center-chicago/,PeeringDB,https://www.peeringdb.com/fac/3398,global,17031,Cook County
PDB-2035,2035,NETRIX - ALSIP,"Netrix, LLC",Other/Unknown,Alsip,IL,US,41.662716,-87.746531,ok,http://www.netrixllc.com,PeeringDB,https://www.peeringdb.com/fac/2035,global,17031,Cook County
PDB-2036,2036,NETRIX - BBN,"Netrix, LLC",Other/Unknown,Bannockburn,IL,US,42.202902,-87.883783,ok,http://www.netrixllc.com,PeeringDB,https://www.peeringdb.com/fac/2036,global,17097,Lake County
PDB-2034,2034,NETRIX - MTP,Netrix LLC,Other/Unknown,Mount Prospect,IL,US,42.078163,-87.915633,ok,http://www.netrixllc.com,PeeringDB,https://www.peeringdb.com/fac/2034,global,17031,Cook County
PDB-1707,1707,Northwestern University co-location facility,710facility@ittns.northwestern.edu,Other/Unknown,Chicago,IL,US,41.895233,-87.616861,ok,http://www.startap.net/starlight/ENGINEERING/network_operations.html,PeeringDB,https://www.peeringdb.com/fac/1707,global,17031,Cook County
PDB-7525,7525,NYI CH1 (800 Jorie Blvd),New York Internet,Other/Unknown,Oak Brook,IL,US,41.845343,-87.941522,ok,http://nyi.net,PeeringDB,https://www.peeringdb.com/fac/7525,global,17043,DuPage County
PDB-184,184,Printer's Square Chicago (600 S Federal),Printer's Square,Other/Unknown,Chicago,IL,US,41.874302,-87.629928,ok,http://www.printerssquare.com,PeeringDB,https://www.peeringdb.com/fac/184,global,17031,Cook County
PDB-3362,3362,QTS Chicago (CHI1),"QTS Realty Trust, Inc.",QTS,Chicago,IL,US,41.841895,-87.668306,ok,http://www.qtsdatacenters.com/data-centers/chicago,PeeringDB,https://www.peeringdb.com/fac/3362,global,17031,Cook County
PDB-16749,16749,Quad State Internet METRO1 Colocation,Quad State Internet LLC,Other/Unknown,Metropolis,IL,US,37.151821,-88.732324,ok,https://quadstateinternet.net,PeeringDB,https://www.peeringdb.com/fac/16749,global,17127,Massac County
PDB-12160,12160,RagingWire CH1 - NTT,RagingWire Data Centers - NTT,Other/Unknown,Itasca,IL,US,41.988567,-88.01368,ok,https://www.ragingwire.com/,PeeringDB,https://www.peeringdb.com/fac/12160,global,17043,DuPage County
PDB-16956,16956,Rochelle Technology Center,Rochelle Municipal Utilities,Other/Unknown,Rochelle,IL,US,41.940574,-89.033813,ok,https://www.rmu.net/content/rmu-services/fiber-optic-internet-phone/rochelle-technology-center/,PeeringDB,https://www.peeringdb.com/fac/16956,global,17141,Ogle County
PDB-1727,1727,"SBA Edge, LLC","SBA Edge, LLC",Other/Unknown,Chicago,IL,US,41.875948,-88.248975,ok,https://www.sbaedge.com/,PeeringDB,https://www.peeringdb.com/fac/1727,global,17043,DuPage County
PDB-5434,5434,Serverfarm CH1 Chicago,Serverfarm,Other/Unknown,Chicago,IL,US,41.870905,-87.640153,ok,https://www.serverfarmllc.com/data-centers/chicago-data-center/,PeeringDB,https://www.peeringdb.com/fac/5434,global,17031,Cook County
PDB-5438,5438,Serverfarm CH2 Oak Brook / Chicago,Serverfarm,Other/Unknown,Oak Brook,IL,US,41.845343,-87.941522,ok,https://www.serverfarmllc.com/data-centers/oakbrook-data-center/,PeeringDB,https://www.peeringdb.com/fac/5438,global,17043,DuPage County
PDB-13094,13094,SFN IL-Peoria,South Front Networks,Other/Unknown,Peoria,IL,US,40.738991,-89.584721,ok,https://www.southfront.io,PeeringDB,https://www.peeringdb.com/fac/13094,global,17143,Peoria County
PDB-8087,8087,Stream Data Centers - Chicago I,Stream Data Centers,Other/Unknown,Elk Grove Village,IL,US,42.002586,-87.951707,ok,https://www.streamdatacenters.com/datacenters/chicago-i/,PeeringDB,https://www.peeringdb.com/fac/8087,global,17031,Cook County
PDB-10623,10623,Stream Data Centers - Chicago II,Stream Data Centers,Other/Unknown,Elk Grove Village,IL,US,41.999144,-87.958291,ok,https://www.streamdatacenters.com/datacenters/chicago-ii/,PeeringDB,https://www.peeringdb.com/fac/10623,global,17031,Cook County
PDB-8411,8411,T5@Chicago,T5 Data Centers,Other/Unknown,Elk Grove Village,IL,US,42.023691,-87.973753,ok,https://www.t5datacenters.com/chicago,PeeringDB,https://www.peeringdb.com/fac/8411,global,17031,Cook County
PDB-3014,3014,TierPoint Chicago - Polk,"TierPoint, LLC",Other/Unknown,Chicago,IL,US,41.871616,-87.642825,ok,http://www.tierpoint.com,PeeringDB,https://www.peeringdb.com/fac/3014,global,17031,Cook County
PDB-2982,2982,TierPoint Chicago - West,"TierPoint, LLC",Other/Unknown,Franklin Park,IL,US,41.927017,-87.858028,ok,https://www.tierpoint.com/data-centers/,PeeringDB,https://www.peeringdb.com/fac/2982,global,17031,Cook County
PDB-12675,12675,tzulo Chicago,"tzulo, inc.",Other/Unknown,Chicago,IL,US,41.876203,-87.631496,ok,https://www.tzulo.com,PeeringDB,https://www.peeringdb.com/fac/12675,global,17031,Cook County
PDB-2983,2983,US Signal - Oak Brook,US Signal,Other/Unknown,Oak Brook,IL,US,41.846308,-87.939656,ok,,PeeringDB,https://www.peeringdb.com/fac/2983,global,17043,DuPage County
OSM-way-713433204,713433204,Digital Realty CH2,Digital Realty,Digital Realty,Elk Grove Village,IL,US,41.9945332,-87.9577513,mapped,https://www.digitalrealty.nl/data-centers/americas/chicago/ch2,OpenStreetMap,https://www.openstreetmap.org/way/713433204,illinois,17031,Cook County
OSM-way-377032061,377032061,Equinix Chicago CH3,Equinix,Equinix,Elk Grove Village,IL,US,42.001221,-87.9551997,mapped,https://www.equinix.com/data-centers/americas-colocation/united-states-colocation/chicago-data-centers/ch3,OpenStreetMap,https://www.openstreetmap.org/way/377032061,illinois,17031,Cook County
OSM-way-863162820,863162820,Stream Chicago II,Stream,Other/Unknown,Elk Grove Village,IL,US,41.9991244,-87.9577647,mapped,https://www.streamdatacenters.com/datacenters/chicago-ii/,OpenStreetMap,https://www.openstreetmap.org/way/863162820,illinois,17031,Cook County
